{
  "aggregate": {
    "counters": {
      "http.codes.200": 90,
      "http.responses": 90,
      "http.downloaded_bytes": 490560,
      "plugins.metrics-by-endpoint./api/compute.codes.200": 10,
      "http.requests": 90,
      "plugins.metrics-by-endpoint./api/items.codes.200": 10,
      "vusers.failed": 0,
      "vusers.completed": 10,
      "vusers.created_by_name.0": 10,
      "vusers.created": 10,
      "plugins.metrics-by-endpoint./.codes.200": 10,
      "plugins.metrics-by-endpoint./static/js/main.e246f9d3.js.codes.200": 10,
      "plugins.metrics-by-endpoint./static/css/main.d7e227e8.css.codes.200": 10,
      "plugins.metrics-by-endpoint./api/login.codes.200": 10,
      "plugins.metrics-by-endpoint./api.codes.200": 10,
      "plugins.metrics-by-endpoint./api/hello.codes.200": 10,
      "plugins.metrics-by-endpoint./api/data.codes.200": 10
    },
    "rates": {
      "http.request_rate": 10
    },
    "firstCounterAt": 1763022514306,
    "firstHistogramAt": 1763022514584,
    "lastCounterAt": 1763022520387,
    "lastHistogramAt": 1763022520387,
    "firstMetricAt": 1763022514306,
    "lastMetricAt": 1763022520387,
    "period": 1763022520000,
    "summaries": {
      "http.response_time": {
        "min": 39,
        "max": 502,
        "count": 90,
        "mean": 210.8,
        "p50": 247.2,
        "median": 247.2,
        "p75": 262.5,
        "p90": 432.7,
        "p95": 450.4,
        "p99": 497.8,
        "p999": 497.8
      },
      "http.response_time.2xx": {
        "min": 39,
        "max": 502,
        "count": 90,
        "mean": 210.8,
        "p50": 247.2,
        "median": 247.2,
        "p75": 262.5,
        "p90": 432.7,
        "p95": 450.4,
        "p99": 497.8,
        "p999": 497.8
      },
      "plugins.metrics-by-endpoint.response_time./api/compute": {
        "min": 433,
        "max": 502,
        "count": 10,
        "mean": 458.1,
        "p50": 450.4,
        "median": 450.4,
        "p75": 468.8,
        "p90": 497.8,
        "p95": 497.8,
        "p99": 497.8,
        "p999": 497.8
      },
      "plugins.metrics-by-endpoint.response_time./api/items": {
        "min": 245,
        "max": 298,
        "count": 10,
        "mean": 261.3,
        "p50": 247.2,
        "median": 247.2,
        "p75": 262.5,
        "p90": 290.1,
        "p95": 290.1,
        "p99": 290.1,
        "p999": 290.1
      },
      "vusers.session_length": {
        "min": 2017.8,
        "max": 2259.5,
        "count": 10,
        "mean": 2095.3,
        "p50": 2059.5,
        "median": 2059.5,
        "p75": 2101.1,
        "p90": 2231,
        "p95": 2231,
        "p99": 2231,
        "p999": 2231
      },
      "plugins.metrics-by-endpoint.response_time./": {
        "min": 41,
        "max": 50,
        "count": 10,
        "mean": 44.7,
        "p50": 44.3,
        "median": 44.3,
        "p75": 47,
        "p90": 47.9,
        "p95": 47.9,
        "p99": 47.9,
        "p999": 47.9
      },
      "plugins.metrics-by-endpoint.response_time./static/js/main.e246f9d3.js": {
        "min": 42,
        "max": 76,
        "count": 10,
        "mean": 49.6,
        "p50": 46.1,
        "median": 46.1,
        "p75": 47.9,
        "p90": 56.3,
        "p95": 56.3,
        "p99": 56.3,
        "p999": 56.3
      },
      "plugins.metrics-by-endpoint.response_time./static/css/main.d7e227e8.css": {
        "min": 39,
        "max": 51,
        "count": 10,
        "mean": 42.7,
        "p50": 41.7,
        "median": 41.7,
        "p75": 43.4,
        "p90": 45.2,
        "p95": 45.2,
        "p99": 45.2,
        "p999": 45.2
      },
      "plugins.metrics-by-endpoint.response_time./api/login": {
        "min": 239,
        "max": 314,
        "count": 10,
        "mean": 268.3,
        "p50": 257.3,
        "median": 257.3,
        "p75": 267.8,
        "p90": 30.9,
        "p95": 295.9,
        "p99": 295.9,
        "p999": 295.9
      },
      "plugins.metrics-by-endpoint.response_time./api": {
        "min": 242,
        "max": 286,
        "count": 10,
        "mean": 262.4,
        "p50": 262.5,
        "median": 262.5,
        "p75": 262.5,
        "p90": 284.3,
        "p95": 284.3,
        "p99": 284.3,
        "p999": 284.3
      },
      "plugins.metrics-by-endpoint.response_time./api/hello": {
        "min": 243,
        "max": 297,
        "count": 10,
        "mean": 255.6,
        "p50": 252.2,
        "median": 252.2,
        "p75": 252.2,
        "p90": 262.5,
        "p95": 262.5,
        "p99": 262.5,
        "p999": 262.5
      },
      "plugins.metrics-by-endpoint.response_time./api/data": {
        "min": 243,
        "max": 267,
        "count": 10,
        "mean": 254.5,
        "p50": 252.2,
        "median": 252.2,
        "p75": 262.5,
        "p90": 262.5,
        "p95": 262.5,
        "p99": 262.5,
        "p999": 262.5
      }
    },
    "histograms": {
      "http.response_time": {
        "min": 39,
        "max": 502,
        "count": 90,
        "mean": 210.8,
        "p50": 247.2,
        "median": 247.2,
        "p75": 262.5,
        "p90": 432.7,
        "p95": 450.4,
        "p99": 497.8,
        "p999": 497.8
      },
      "http.response_time.2xx": {
        "min": 39,
        "max": 502,
        "count": 90,
        "mean": 210.8,
        "p50": 247.2,
        "median": 247.2,
        "p75": 262.5,
        "p90": 432.7,
        "p95": 450.4,
        "p99": 497.8,
        "p999": 497.8
      },
      "plugins.metrics-by-endpoint.response_time./api/compute": {
        "min": 433,
        "max": 502,
        "count": 10,
        "mean": 458.1,
        "p50": 450.4,
        "median": 450.4,
        "p75": 468.8,
        "p90": 497.8,
        "p95": 497.8,
        "p99": 497.8,
        "p999": 497.8
      },
      "plugins.metrics-by-endpoint.response_time./api/items": {
        "min": 245,
        "max": 298,
        "count": 10,
        "mean": 261.3,
        "p50": 247.2,
        "median": 247.2,
        "p75": 262.5,
        "p90": 290.1,
        "p95": 290.1,
        "p99": 290.1,
        "p999": 290.1
      },
      "vusers.session_length": {
        "min": 2017.8,
        "max": 2259.5,
        "count": 10,
        "mean": 2095.3,
        "p50": 2059.5,
        "median": 2059.5,
        "p75": 2101.1,
        "p90": 2231,
        "p95": 2231,
        "p99": 2231,
        "p999": 2231
      },
      "plugins.metrics-by-endpoint.response_time./": {
        "min": 41,
        "max": 50,
        "count": 10,
        "mean": 44.7,
        "p50": 44.3,
        "median": 44.3,
        "p75": 47,
        "p90": 47.9,
        "p95": 47.9,
        "p99": 47.9,
        "p999": 47.9
      },
      "plugins.metrics-by-endpoint.response_time./static/js/main.e246f9d3.js": {
        "min": 42,
        "max": 76,
        "count": 10,
        "mean": 49.6,
        "p50": 46.1,
        "median": 46.1,
        "p75": 47.9,
        "p90": 56.3,
        "p95": 56.3,
        "p99": 56.3,
        "p999": 56.3
      },
      "plugins.metrics-by-endpoint.response_time./static/css/main.d7e227e8.css": {
        "min": 39,
        "max": 51,
        "count": 10,
        "mean": 42.7,
        "p50": 41.7,
        "median": 41.7,
        "p75": 43.4,
        "p90": 45.2,
        "p95": 45.2,
        "p99": 45.2,
        "p999": 45.2
      },
      "plugins.metrics-by-endpoint.response_time./api/login": {
        "min": 239,
        "max": 314,
        "count": 10,
        "mean": 268.3,
        "p50": 257.3,
        "median": 257.3,
        "p75": 267.8,
        "p90": 295.9,
        "p95": 295.9,
        "p99": 295.9,
        "p999": 295.9
      },
      "plugins.metrics-by-endpoint.response_time./api": {
        "min": 242,
        "max": 286,
        "count": 10,
        "mean": 262.4,
        "p50": 262.5,
        "median": 262.5,
        "p75": 262.5,
        "p90": 284.3,
        "p95": 284.3,
        "p99": 284.3,
        "p999": 284.3
      },
      "plugins.metrics-by-endpoint.response_time./api/hello": {
        "min": 243,
        "max": 297,
        "count": 10,
        "mean": 255.6,
        "p50": 252.2,
        "median": 252.2,
        "p75": 252.2,
        "p90": 262.5,
        "p95": 262.5,
        "p99": 262.5,
        "p999": 262.5
      },
      "plugins.metrics-by-endpoint.response_time./api/data": {
        "min": 243,
        "max": 267,
        "count": 10,
        "mean": 254.5,
        "p50": 252.2,
        "median": 252.2,
        "p75": 262.5,
        "p90": 262.5,
        "p95": 262.5,
        "p99": 262.5,
        "p999": 262.5
      }
    }
  },
  "intermediate": [
    {
      "counters": {
        "vusers.created_by_name.0": 10,
        "vusers.created": 10,
        "http.requests": 88,
        "http.codes.200": 86,
        "http.responses": 86,
        "http.downloaded_bytes": 490278,
        "plugins.metrics-by-endpoint./.codes.200": 10,
        "plugins.metrics-by-endpoint./static/js/main.e246f9d3.js.codes.200": 10,
        "plugins.metrics-by-endpoint./static/css/main.d7e227e8.css.codes.200": 10,
        "plugins.metrics-by-endpoint./api/login.codes.200": 10,
        "plugins.metrics-by-endpoint./api.codes.200": 10,
        "plugins.metrics-by-endpoint./api/hello.codes.200": 10,
        "plugins.metrics-by-endpoint./api/data.codes.200": 10,
        "plugins.metrics-by-endpoint./api/compute.codes.200": 8,
        "plugins.metrics-by-endpoint./api/items.codes.200": 8,
        "vusers.failed": 0,
        "vusers.completed": 8
      },
      "rates": {
        "http.request_rate": 16
      },
      "http.request_rate": null,
      "firstCounterAt": 1763022514306,
      "firstHistogramAt": 1763022514584,
      "lastCounterAt": 1763022519697,
      "lastHistogramAt": 1763022519695,
      "firstMetricAt": 1763022514306,
      "lastMetricAt": 1763022519697,
      "period": "1763022510000",
      "summaries": {
        "http.response_time": {
          "min": 39,
          "max": 502,
          "count": 86,
          "mean": 204.6,
          "p50": 247.2,
          "median": 247.2,
          "p75": 262.5,
          "p90": 295.9,
          "p95": 450.4,
          "p99": 497.8,
          "p999": 497.8
        },
        "http.response_time.2xx": {
          "min": 39,
          "max": 502,
          "count": 86,
          "mean": 204.6,
          "p50": 247.2,
          "median": 247.2,
          "p75": 262.5,
          "p90": 295.9,
          "p95": 450.4,
          "p99": 497.8,
          "p999": 497.8
        },
        "plugins.metrics-by-endpoint.response_time./": {
          "min": 41,
          "max": 50,
          "count": 10,
          "mean": 44.7,
          "p50": 44.3,
          "median": 44.3,
          "p75": 47,
          "p90": 47.9,
          "p95": 47.9,
          "p99": 47.9,
          "p999": 47.9
        },
        "plugins.metrics-by-endpoint.response_time./static/js/main.e246f9d3.js": {
          "min": 42,
          "max": 76,
          "count": 10,
          "mean": 49.6,
          "p50": 46.1,
          "median": 46.1,
          "p75": 47.9,
          "p90": 56.3,
          "p95": 56.3,
          "p99": 56.3,
          "p999": 56.3
        },
        "plugins.metrics-by-endpoint.response_time./static/css/main.d7e227e8.css": {
          "min": 39,
          "max": 51,
          "count": 10,
          "mean": 42.7,
          "p50": 41.7,
          "median": 41.7,
          "p75": 43.4,
          "p90": 45.2,
          "p95": 45.2,
          "p99": 45.2,
          "p999": 45.2
        },
        "plugins.metrics-by-endpoint.response_time./api/login": {
          "min": 239,
          "max": 314,
          "count": 10,
          "mean": 268.3,
          "p50": 257.3,
          "median": 257.3,
          "p75": 267.8,
          "p90": 295.9,
          "p95": 295.9,
          "p99": 295.9,
          "p999": 295.9
        },
        "plugins.metrics-by-endpoint.response_time./api": {
          "min": 242,
          "max": 286,
          "count": 10,
          "mean": 262.4,
          "p50": 262.5,
          "median": 262.5,
          "p75": 262.5,
          "p90": 284.3,
          "p95": 284.3,
          "p99": 284.3,
          "p999": 284.3
        },
        "plugins.metrics-by-endpoint.response_time./api/hello": {
          "min": 243,
          "max": 297,
          "count": 10,
          "mean": 255.6,
          "p50": 252.2,
          "median": 252.2,
          "p75": 252.2,
          "p90": 262.5,
          "p95": 262.5,
          "p99": 262.5,
          "p999": 262.5
        },
        "plugins.metrics-by-endpoint.response_time./api/data": {
          "min": 243,
          "max": 267,
          "count": 10,
          "mean": 254.5,
          "p50": 252.2,
          "median": 252.2,
          "p75": 262.5,
          "p90": 262.5,
          "p95": 262.5,
          "p99": 262.5,
          "p999": 262.5
        },
        "plugins.metrics-by-endpoint.response_time./api/compute": {
          "min": 433,
          "max": 502,
          "count": 8,
          "mean": 462.8,
          "p50": 450.4,
          "median": 450.4,
          "p75": 468.8,
          "p90": 497.8,
          "p95": 497.8,
          "p99": 497.8,
          "p999": 497.8
        },
        "plugins.metrics-by-endpoint.response_time./api/items": {
          "min": 245,
          "max": 298,
          "count": 8,
          "mean": 264.4,
          "p50": 252.2,
          "median": 252.2,
          "p75": 273.2,
          "p90": 290.1,
          "p95": 290.1,
          "p99": 290.1,
          "p999": 290.1
        },
        "vusers.session_length": {
          "min": 2017.8,
          "max": 2259.5,
          "count": 8,
          "mean": 2108.7,
          "p50": 2101.1,
          "median": 2101.1,
          "p75": 2101.1,
          "p90": 2231,
          "p95": 2231,
          "p99": 2231,
          "p999": 2231
        }
      },
      "histograms": {
        "http.response_time": {
          "min": 39,
          "max": 502,
          "count": 86,
          "mean": 204.6,
          "p50": 247.2,
          "median": 247.2,
          "p75": 262.5,
          "p90": 295.9,
          "p95": 450.4,
          "p99": 497.8,
          "p999": 497.8
        },
        "http.response_time.2xx": {
          "min": 39,
          "max": 502,
          "count": 86,
          "mean": 204.6,
          "p50": 247.2,
          "median": 247.2,
          "p75": 262.5,
          "p90": 295.9,
          "p95": 450.4,
          "p99": 497.8,
          "p999": 497.8
        },
        "plugins.metrics-by-endpoint.response_time./": {
          "min": 41,
          "max": 50,
          "count": 10,
          "mean": 44.7,
          "p50": 44.3,
          "median": 44.3,
          "p75": 47,
          "p90": 47.9,
          "p95": 47.9,
          "p99": 47.9,
          "p999": 47.9
        },
        "plugins.metrics-by-endpoint.response_time./static/js/main.e246f9d3.js": {
          "min": 42,
          "max": 76,
          "count": 10,
          "mean": 49.6,
          "p50": 46.1,
          "median": 46.1,
          "p75": 47.9,
          "p90": 56.3,
          "p95": 56.3,
          "p99": 56.3,
          "p999": 56.3
        },
        "plugins.metrics-by-endpoint.response_time./static/css/main.d7e227e8.css": {
          "min": 39,
          "max": 51,
          "count": 10,
          "mean": 42.7,
          "p50": 41.7,
          "median": 41.7,
          "p75": 43.4,
          "p90": 45.2,
          "p95": 45.2,
          "p99": 45.2,
          "p999": 45.2
        },
        "plugins.metrics-by-endpoint.response_time./api/login": {
          "min": 239,
          "max": 314,
          "count": 10,
          "mean": 268.3,
          "p50": 257.3,
          "median": 257.3,
          "p75": 267.8,
          "p90": 295.9,
          "p95": 295.9,
          "p99": 295.9,
          "p999": 295.9
        },
        "plugins.metrics-by-endpoint.response_time./api": {
          "min": 242,
          "max": 286,
          "count": 10,
          "mean": 262.4,
          "p50": 262.5,
          "median": 262.5,
          "p75": 262.5,
          "p90": 284.3,
          "p95": 284.3,
          "p99": 284.3,
          "p999": 284.3
        },
        "plugins.metrics-by-endpoint.response_time./api/hello": {
          "min": 243,
          "max": 297,
          "count": 10,
          "mean": 255.6,
          "p50": 252.2,
          "median": 252.2,
          "p75": 252.2,
          "p90": 262.5,
          "p95": 262.5,
          "p99": 262.5,
          "p999": 262.5
        },
        "plugins.metrics-by-endpoint.response_time./api/data": {
          "min": 243,
          "max": 267,
          "count": 10,
          "mean": 254.5,
          "p50": 252.2,
          "median": 252.2,
          "p75": 262.5,
          "p90": 262.5,
          "p95": 262.5,
          "p99": 262.5,
          "p999": 262.5
        },
        "plugins.metrics-by-endpoint.response_time./api/compute": {
          "min": 433,
          "max": 502,
          "count": 8,
          "mean": 462.8,
          "p50": 450.4,
          "median": 450.4,
          "p75": 468.8,
          "p90": 497.8,
          "p95": 497.8,
          "p99": 497.8,
          "p999": 497.8
        },
        "plugins.metrics-by-endpoint.response_time./api/items": {
          "min": 245,
          "max": 298,
          "count": 8,
          "mean": 264.4,
          "p50": 252.2,
          "median": 252.2,
          "p75": 273.2,
          "p90": 290.1,
          "p95": 290.1,
          "p99": 290.1,
          "p999": 290.1
        },
        "vusers.session_length": {
          "min": 2017.8,
          "max": 2259.5,
          "count": 8,
          "mean": 2108.7,
          "p50": 2101.1,
          "median": 2101.1,
          "p75": 2101.1,
          "p90": 2231,
          "p95": 2231,
          "p99": 2231,
          "p999": 2231
        }
      }
    },
    {
      "counters": {
        "http.codes.200": 4,
        "http.responses": 4,
        "http.downloaded_bytes": 282,
        "plugins.metrics-by-endpoint./api/compute.codes.200": 2,
        "http.requests": 2,
        "plugins.metrics-by-endpoint./api/items.codes.200": 2,
        "vusers.failed": 0,
        "vusers.completed": 2
      },
      "rates": {
        "http.request_rate": 2
      },
      "http.request_rate": null,
      "firstCounterAt": 1763022520102,
      "firstHistogramAt": 1763022520102,
      "lastCounterAt": 1763022520387,
      "lastHistogramAt": 1763022520387,
      "firstMetricAt": 1763022520102,
      "lastMetricAt": 1763022520387,
      "period": "1763022520000",
      "summaries": {
        "http.response_time": {
          "min": 249,
          "max": 444,
          "count": 4,
          "mean": 344.3,
          "p50": 247.2,
          "median": 247.2,
          "p75": 432.7,
          "p90": 432.7,
          "p95": 432.7,
          "p99": 432.7,
          "p999": 432.7
        },
        "http.response_time.2xx": {
          "min": 249,
          "max": 444,
          "count": 4,
          "mean": 344.3,
          "p50": 247.2,
          "median": 247.2,
          "p75": 432.7,
          "p90": 432.7,
          "p95": 432.7,
          "p99": 432.7,
          "p999": 432.7
        },
        "plugins.metrics-by-endpoint.response_time./api/compute": {
          "min": 435,
          "max": 444,
          "count": 2,
          "mean": 439.5,
          "p50": 432.7,
          "median": 432.7,
          "p75": 432.7,
          "p90": 432.7,
          "p95": 432.7,
          "p99": 432.7,
          "p999": 432.7
        },
        "plugins.metrics-by-endpoint.response_time./api/items": {
          "min": 249,
          "max": 249,
          "count": 2,
          "mean": 249,
          "p50": 247.2,
          "median": 247.2,
          "p75": 247.2,
          "p90": 247.2,
          "p95": 247.2,
          "p99": 247.2,
          "p999": 247.2
        },
        "vusers.session_length": {
          "min": 2032.3,
          "max": 2050.7,
          "count": 2,
          "mean": 2041.5,
          "p50": 2018.7,
          "median": 2018.7,
          "p75": 2018.7,
          "p90": 2018.7,
          "p95": 2018.7,
          "p99": 2018.7,
          "p999": 2018.7
        }
      },
      "histograms": {
        "http.response_time": {
          "min": 249,
          "max": 444,
          "count": 4,
          "mean": 344.3,
          "p50": 247.2,
          "median": 247.2,
          "p75": 432.7,
          "p90": 432.7,
          "p95": 432.7,
          "p99": 432.7,
          "p999": 432.7
        },
        "http.response_time.2xx": {
          "min": 249,
          "max": 444,
          "count": 4,
          "mean": 344.3,
          "p50": 247.2,
          "median": 247.2,
          "p75": 432.7,
          "p90": 432.7,
          "p95": 432.7,
          "p99": 432.7,
          "p999": 432.7
        },
        "plugins.metrics-by-endpoint.response_time./api/compute": {
          "min": 435,
          "max": 444,
          "count": 2,
          "mean": 439.5,
          "p50": 432.7,
          "median": 432.7,
          "p75": 432.7,
          "p90": 432.7,
          "p95": 432.7,
          "p99": 432.7,
          "p999": 432.7
        },
        "plugins.metrics-by-endpoint.response_time./api/items": {
          "min": 249,
          "max": 249,
          "count": 2,
          "mean": 249,
          "p50": 247.2,
          "median": 247.2,
          "p75": 247.2,
          "p90": 247.2,
          "p95": 247.2,
          "p99": 247.2,
          "p999": 247.2
        },
        "vusers.session_length": {
          "min": 2032.3,
          "max": 2050.7,
          "count": 2,
          "mean": 2041.5,
          "p50": 2018.7,
          "median": 2018.7,
          "p75": 2018.7,
          "p90": 2018.7,
          "p95": 2018.7,
          "p99": 2018.7,
          "p999": 2018.7
        }
      }
    }
  ]
}